0,Okres 0
1,Okres 1
2,Okres 2
3,Okres 3
4,Okres 4
5,Okres 5
6,Okres 6
7,Okres 7
8,Okres 8
9,Okres 9
10,Okres 10
11,Okres 11
12,Okres 12
13,Okres 13
14,Okres 14
15,Okres 15
16,Okres 16
17,Okres 17
18,Okres 18
19,Okres 19
20,Okres 20
21,Okres 21
22,Okres 22
23,Okres 23
24,Okres 24
25,Okres 25
26,Okres 26
27,Okres 27
28,Okres 28
29,Okres 29
30,Okres 30
31,Okres 31
32,Okres 32
33,Okres 33
34,Okres 34
35,Okres 35
36,Okres 36
37,Okres 37
38,Okres 38
39,Okres 39
40,Okres 40
41,Okres 41
42,Okres 42
43,Okres 43
44,Okres 44
45,Okres 45
46,Okres 46
47,Okres 47
48,Okres 48
49,Okres 49
50,Okres 50
51,Okres 51
52,Okres 52
53,Okres 53
54,Okres 54
55,Okres 55
56,Okres 56
57,Okres 57
58,Okres 58
59,Okres 59
60,Okres 60
61,Okres 61
62,Okres 62
63,Okres 63
64,Okres 64
65,Okres 65
66,Okres 66
67,Okres 67
68,Okres 68
69,Okres 69
70,Okres 70
71,Okres 71
72,Okres 72
73,Okres 73
74,Okres 74
75,Okres 75
76,Okres 76
77,Okres 77
78,Okres 78
79,Okres 79
80,Okres 80
81,Okres 81
82,Okres 82
83,Okres 83
84,Okres 84
85,Okres 85
86,Okres 86
87,Okres 87
88,Okres 88
89,Okres 89
90,Okres 90
91,Okres 91
92,Okres 92
93,Okres 93
94,Okres 94
95,Okres 95
96,Okres 96
97,Okres 97
98,Okres 98
99,Okres 99
100,Okres 100
101,Okres 101
102,Okres 102
103,Okres 103
104,Okres 104
105,Okres 105
106,Okres 106
107,Okres 107
108,Okres 108
109,Okres 109
110,Okres 110
111,Okres 111
112,Okres 112
113,Okres 113
114,Okres 114
115,Okres 115
116,Okres 116
117,Okres 117
118,Okres 118
119,Okres 119
120,Okres 120
121,Okres 121
122,Okres 122
123,Okres 123
124,Okres 124
125,Okres 125
126,Okres 126
127,Okres 127
128,Okres 128
129,Okres 129
130,Okres 130
131,Okres 131
132,Okres 132
133,Okres 133
134,Okres 134
135,Okres 135
136,Okres 136
137,Okres 137
138,Okres 138
139,Okres 139
140,Okres 140
141,Okres 141
142,Okres 142
143,Okres 143
144,Okres 144
145,Okres 145
146,Okres 146
147,Okres 147
148,Okres 148
149,Okres 149
150,Okres 150
151,Okres 151
152,Okres 152
153,Okres 153
154,Okres 154
155,Okres 155
156,Okres 156
157,Okres 157
158,Okres 158
159,Okres 159
160,Okres 160
161,Okres 161
162,Okres 162
163,Okres 163
164,Okres 164
165,Okres 165
166,Okres 166
167,Okres 167
168,Okres 168
169,Okres 169
170,Okres 170
171,Okres 171
172,Okres 172
173,Okres 173
174,Okres 174
175,Okres 175
176,Okres 176
177,Okres 177
178,Okres 178
179,Okres 179
180,Okres 180
181,Okres 181
182,Okres 182
183,Okres 183
184,Okres 184
185,Okres 185
186,Okres 186
187,Okres 187
188,Okres 188
189,Okres 189
190,Okres 190
191,Okres 191
192,Okres 192
193,Okres 193
194,Okres 194
195,Okres 195
196,Okres 196
197,Okres 197
198,Okres 198
199,Okres 199
